C,gamma,kernel,probability,random_state,IG__nada___MLU_Words,IG__nada___Riqueza_lexica,IG__nada___1er_TotPron,IG__nada___2da_TotPron,IG__nada___3era_TotPron,IG__nada___%_Pauses,IG__nada___%_Fillers,IG__nada___%_Reformulaciones,IG__nada___%_monoWWR,IG__nada___Rango_pitch,IG__nada___Rango_Jitter,IG__nada___Rango Shimmer,IG__nada___talking_intervals_speechrate,IR__nada___MLU_Words,IR__nada___Riqueza_lexica,IR__nada___1er_TotPron,IR__nada___2da_TotPron,IR__nada___3era_TotPron,IR__nada___%_Pauses,IR__nada___%_Fillers,IR__nada___%_Reformulaciones,IR__nada___%_monoWWR,IR__nada___Rango_pitch,IR__nada___Rango_Jitter,IR__nada___Rango Shimmer,IR__nada___talking_intervals_speechrate
1.0,scale,rbf,True,42,1,1,1,1,1,1,1,1,1,1,1,1,1,1,1,1,1,1,1,1,1,1,1,1,1,1
1.0,scale,rbf,True,42,1,0,1,1,0,1,1,0,1,0,1,1,1,1,0,0,1,1,1,0,1,1,1,0,0,1
1.0,scale,rbf,True,42,1,0,0,0,1,1,1,1,1,0,1,1,1,1,0,0,1,0,0,0,1,0,1,1,1,1
1.0,scale,rbf,True,42,1,1,0,1,0,0,0,0,1,0,1,0,1,0,1,0,0,1,1,0,1,1,1,0,1,0
1.0,scale,rbf,True,42,1,1,0,0,1,1,1,1,1,1,1,1,1,1,1,1,1,0,1,0,1,0,0,0,0,1
1.0,scale,rbf,True,42,0,1,1,0,0,1,0,1,1,1,1,1,1,0,1,1,1,0,1,1,1,1,1,0,1,0
1.0,scale,rbf,True,42,0,0,1,1,1,1,1,0,1,1,1,0,1,1,1,1,1,1,1,1,1,1,0,0,1,0
1.0,scale,rbf,True,42,0,1,1,1,1,1,0,0,1,1,1,1,1,1,1,1,1,0,0,0,1,0,0,0,0,1
1.0,scale,rbf,True,42,0,1,1,1,1,0,1,1,0,1,1,0,1,1,1,1,1,1,0,0,1,0,1,0,1,1
1.0,scale,rbf,True,42,1,1,0,1,1,1,1,1,0,1,0,0,1,0,1,1,0,1,1,1,0,1,0,1,1,1
1.0,scale,rbf,True,42,1,0,1,1,0,0,1,1,1,1,1,1,1,0,1,0,0,1,0,1,1,1,1,1,1,1
1.0,scale,rbf,True,42,1,0,0,1,1,0,1,1,1,0,1,1,1,0,1,1,1,0,0,1,0,0,1,1,0,1
1.0,scale,rbf,True,42,1,1,1,0,1,1,0,0,0,1,1,0,1,1,1,0,1,0,1,1,1,0,0,0,1,1
1.0,scale,rbf,True,42,1,1,0,0,1,0,0,0,1,1,1,1,0,0,0,1,1,1,0,1,0,0,1,0,1,1
1.0,scale,rbf,True,42,1,0,1,1,0,1,1,0,0,1,1,1,1,1,1,0,1,0,1,1,1,1,1,0,0,1
1.0,scale,rbf,True,42,0,1,0,1,1,0,1,1,1,1,0,1,1,1,1,1,1,1,0,0,1,1,1,0,0,0
1.0,scale,rbf,True,42,0,0,1,1,1,1,1,1,1,0,1,1,0,1,0,1,0,1,1,1,1,1,1,0,0,0
1.0,scale,rbf,True,42,1,0,0,0,1,1,1,1,1,1,1,1,1,1,0,1,0,1,0,1,0,1,1,1,0,0
1.0,scale,rbf,True,42,1,1,0,1,1,1,1,1,1,1,1,0,1,1,1,0,0,0,1,0,1,1,0,1,0,1
1.0,scale,rbf,True,42,1,1,1,0,1,1,0,1,0,0,1,0,1,1,0,0,1,1,1,0,1,1,0,1,1,1
1.0,scale,rbf,True,42,0,1,1,1,1,1,0,0,1,0,1,1,0,0,1,1,0,1,1,1,1,1,0,1,1,0
0.001,auto,sigmoid,True,42,1,1,1,1,1,1,1,1,1,1,1,1,1,1,1,1,1,1,1,1,1,1,1,1,1,1
0.001,auto,sigmoid,True,42,1,0,1,1,0,1,1,0,1,0,1,1,1,1,0,0,1,1,1,0,1,1,1,0,0,1
0.001,auto,sigmoid,True,42,1,0,0,0,1,1,1,1,1,0,1,1,1,1,0,0,1,0,0,0,1,0,1,1,1,1
0.001,auto,sigmoid,True,42,1,1,0,1,0,0,0,0,1,0,1,0,1,0,1,0,0,1,1,0,1,1,1,0,1,0
0.001,auto,sigmoid,True,42,1,1,0,0,1,1,1,1,1,1,1,1,1,1,1,1,1,0,1,0,1,0,0,0,0,1
0.001,auto,sigmoid,True,42,0,1,1,0,0,1,0,1,1,1,1,1,1,0,1,1,1,0,1,1,1,1,1,0,1,0
0.001,auto,sigmoid,True,42,0,0,1,1,1,1,1,0,1,1,1,0,1,1,1,1,1,1,1,1,1,1,0,0,1,0
0.001,auto,sigmoid,True,42,0,1,1,1,1,1,0,0,1,1,1,1,1,1,1,1,1,0,0,0,1,0,0,0,0,1
0.001,auto,sigmoid,True,42,0,1,1,1,1,0,1,1,0,1,1,0,1,1,1,1,1,1,0,0,1,0,1,0,1,1
0.001,auto,sigmoid,True,42,1,1,0,1,1,1,1,1,0,1,0,0,1,0,1,1,0,1,1,1,0,1,0,1,1,1
0.001,auto,sigmoid,True,42,1,0,1,1,0,0,1,1,1,1,1,1,1,0,1,0,0,1,0,1,1,1,1,1,1,1
0.001,auto,sigmoid,True,42,1,0,0,1,1,0,1,1,1,0,1,1,1,0,1,1,1,0,0,1,0,0,1,1,0,1
0.001,auto,sigmoid,True,42,1,1,1,0,1,1,0,0,0,1,1,0,1,1,1,0,1,0,1,1,1,0,0,0,1,1
0.001,auto,sigmoid,True,42,1,1,0,0,1,0,0,0,1,1,1,1,0,0,0,1,1,1,0,1,0,0,1,0,1,1
0.001,auto,sigmoid,True,42,1,0,1,1,0,1,1,0,0,1,1,1,1,1,1,0,1,0,1,1,1,1,1,0,0,1
0.001,auto,sigmoid,True,42,0,1,0,1,1,0,1,1,1,1,0,1,1,1,1,1,1,1,0,0,1,1,1,0,0,0
0.001,auto,sigmoid,True,42,0,0,1,1,1,1,1,1,1,0,1,1,0,1,0,1,0,1,1,1,1,1,1,0,0,0
0.001,auto,sigmoid,True,42,1,0,0,0,1,1,1,1,1,1,1,1,1,1,0,1,0,1,0,1,0,1,1,1,0,0
0.001,auto,sigmoid,True,42,1,1,0,1,1,1,1,1,1,1,1,0,1,1,1,0,0,0,1,0,1,1,0,1,0,1
0.001,auto,sigmoid,True,42,1,1,1,0,1,1,0,1,0,0,1,0,1,1,0,0,1,1,1,0,1,1,0,1,1,1
0.001,auto,sigmoid,True,42,0,1,1,1,1,1,0,0,1,0,1,1,0,0,1,1,0,1,1,1,1,1,0,1,1,0
0.8,auto,rbf,True,42,1,1,1,1,1,1,1,1,1,1,1,1,1,1,1,1,1,1,1,1,1,1,1,1,1,1
0.8,auto,rbf,True,42,1,0,1,1,0,1,1,0,1,0,1,1,1,1,0,0,1,1,1,0,1,1,1,0,0,1
0.8,auto,rbf,True,42,1,0,0,0,1,1,1,1,1,0,1,1,1,1,0,0,1,0,0,0,1,0,1,1,1,1
0.8,auto,rbf,True,42,1,1,0,1,0,0,0,0,1,0,1,0,1,0,1,0,0,1,1,0,1,1,1,0,1,0
0.8,auto,rbf,True,42,1,1,0,0,1,1,1,1,1,1,1,1,1,1,1,1,1,0,1,0,1,0,0,0,0,1
0.8,auto,rbf,True,42,0,1,1,0,0,1,0,1,1,1,1,1,1,0,1,1,1,0,1,1,1,1,1,0,1,0
0.8,auto,rbf,True,42,0,0,1,1,1,1,1,0,1,1,1,0,1,1,1,1,1,1,1,1,1,1,0,0,1,0
0.8,auto,rbf,True,42,0,1,1,1,1,1,0,0,1,1,1,1,1,1,1,1,1,0,0,0,1,0,0,0,0,1
0.8,auto,rbf,True,42,0,1,1,1,1,0,1,1,0,1,1,0,1,1,1,1,1,1,0,0,1,0,1,0,1,1
0.8,auto,rbf,True,42,1,1,0,1,1,1,1,1,0,1,0,0,1,0,1,1,0,1,1,1,0,1,0,1,1,1
0.8,auto,rbf,True,42,1,0,1,1,0,0,1,1,1,1,1,1,1,0,1,0,0,1,0,1,1,1,1,1,1,1
0.8,auto,rbf,True,42,1,0,0,1,1,0,1,1,1,0,1,1,1,0,1,1,1,0,0,1,0,0,1,1,0,1
0.8,auto,rbf,True,42,1,1,1,0,1,1,0,0,0,1,1,0,1,1,1,0,1,0,1,1,1,0,0,0,1,1
0.8,auto,rbf,True,42,1,1,0,0,1,0,0,0,1,1,1,1,0,0,0,1,1,1,0,1,0,0,1,0,1,1
0.8,auto,rbf,True,42,1,0,1,1,0,1,1,0,0,1,1,1,1,1,1,0,1,0,1,1,1,1,1,0,0,1
0.8,auto,rbf,True,42,0,1,0,1,1,0,1,1,1,1,0,1,1,1,1,1,1,1,0,0,1,1,1,0,0,0
0.8,auto,rbf,True,42,0,0,1,1,1,1,1,1,1,0,1,1,0,1,0,1,0,1,1,1,1,1,1,0,0,0
0.8,auto,rbf,True,42,1,0,0,0,1,1,1,1,1,1,1,1,1,1,0,1,0,1,0,1,0,1,1,1,0,0
0.8,auto,rbf,True,42,1,1,0,1,1,1,1,1,1,1,1,0,1,1,1,0,0,0,1,0,1,1,0,1,0,1
0.8,auto,rbf,True,42,1,1,1,0,1,1,0,1,0,0,1,0,1,1,0,0,1,1,1,0,1,1,0,1,1,1
0.8,auto,rbf,True,42,0,1,1,1,1,1,0,0,1,0,1,1,0,0,1,1,0,1,1,1,1,1,0,1,1,0
0.004,auto,rbf,True,42,1,1,1,1,1,1,1,1,1,1,1,1,1,1,1,1,1,1,1,1,1,1,1,1,1,1
0.004,auto,rbf,True,42,1,0,1,1,0,1,1,0,1,0,1,1,1,1,0,0,1,1,1,0,1,1,1,0,0,1
0.004,auto,rbf,True,42,1,0,0,0,1,1,1,1,1,0,1,1,1,1,0,0,1,0,0,0,1,0,1,1,1,1
0.004,auto,rbf,True,42,1,1,0,1,0,0,0,0,1,0,1,0,1,0,1,0,0,1,1,0,1,1,1,0,1,0
0.004,auto,rbf,True,42,1,1,0,0,1,1,1,1,1,1,1,1,1,1,1,1,1,0,1,0,1,0,0,0,0,1
0.004,auto,rbf,True,42,0,1,1,0,0,1,0,1,1,1,1,1,1,0,1,1,1,0,1,1,1,1,1,0,1,0
0.004,auto,rbf,True,42,0,0,1,1,1,1,1,0,1,1,1,0,1,1,1,1,1,1,1,1,1,1,0,0,1,0
0.004,auto,rbf,True,42,0,1,1,1,1,1,0,0,1,1,1,1,1,1,1,1,1,0,0,0,1,0,0,0,0,1
0.004,auto,rbf,True,42,0,1,1,1,1,0,1,1,0,1,1,0,1,1,1,1,1,1,0,0,1,0,1,0,1,1
0.004,auto,rbf,True,42,1,1,0,1,1,1,1,1,0,1,0,0,1,0,1,1,0,1,1,1,0,1,0,1,1,1
0.004,auto,rbf,True,42,1,0,1,1,0,0,1,1,1,1,1,1,1,0,1,0,0,1,0,1,1,1,1,1,1,1
0.004,auto,rbf,True,42,1,0,0,1,1,0,1,1,1,0,1,1,1,0,1,1,1,0,0,1,0,0,1,1,0,1
0.004,auto,rbf,True,42,1,1,1,0,1,1,0,0,0,1,1,0,1,1,1,0,1,0,1,1,1,0,0,0,1,1
0.004,auto,rbf,True,42,1,1,0,0,1,0,0,0,1,1,1,1,0,0,0,1,1,1,0,1,0,0,1,0,1,1
0.004,auto,rbf,True,42,1,0,1,1,0,1,1,0,0,1,1,1,1,1,1,0,1,0,1,1,1,1,1,0,0,1
0.004,auto,rbf,True,42,0,1,0,1,1,0,1,1,1,1,0,1,1,1,1,1,1,1,0,0,1,1,1,0,0,0
0.004,auto,rbf,True,42,0,0,1,1,1,1,1,1,1,0,1,1,0,1,0,1,0,1,1,1,1,1,1,0,0,0
0.004,auto,rbf,True,42,1,0,0,0,1,1,1,1,1,1,1,1,1,1,0,1,0,1,0,1,0,1,1,1,0,0
0.004,auto,rbf,True,42,1,1,0,1,1,1,1,1,1,1,1,0,1,1,1,0,0,0,1,0,1,1,0,1,0,1
0.004,auto,rbf,True,42,1,1,1,0,1,1,0,1,0,0,1,0,1,1,0,0,1,1,1,0,1,1,0,1,1,1
0.004,auto,rbf,True,42,0,1,1,1,1,1,0,0,1,0,1,1,0,0,1,1,0,1,1,1,1,1,0,1,1,0
50.0,auto,sigmoid,True,42,1,1,1,1,1,1,1,1,1,1,1,1,1,1,1,1,1,1,1,1,1,1,1,1,1,1
50.0,auto,sigmoid,True,42,1,0,1,1,0,1,1,0,1,0,1,1,1,1,0,0,1,1,1,0,1,1,1,0,0,1
50.0,auto,sigmoid,True,42,1,0,0,0,1,1,1,1,1,0,1,1,1,1,0,0,1,0,0,0,1,0,1,1,1,1
50.0,auto,sigmoid,True,42,1,1,0,1,0,0,0,0,1,0,1,0,1,0,1,0,0,1,1,0,1,1,1,0,1,0
50.0,auto,sigmoid,True,42,1,1,0,0,1,1,1,1,1,1,1,1,1,1,1,1,1,0,1,0,1,0,0,0,0,1
50.0,auto,sigmoid,True,42,0,1,1,0,0,1,0,1,1,1,1,1,1,0,1,1,1,0,1,1,1,1,1,0,1,0
50.0,auto,sigmoid,True,42,0,0,1,1,1,1,1,0,1,1,1,0,1,1,1,1,1,1,1,1,1,1,0,0,1,0
50.0,auto,sigmoid,True,42,0,1,1,1,1,1,0,0,1,1,1,1,1,1,1,1,1,0,0,0,1,0,0,0,0,1
50.0,auto,sigmoid,True,42,0,1,1,1,1,0,1,1,0,1,1,0,1,1,1,1,1,1,0,0,1,0,1,0,1,1
50.0,auto,sigmoid,True,42,1,1,0,1,1,1,1,1,0,1,0,0,1,0,1,1,0,1,1,1,0,1,0,1,1,1
50.0,auto,sigmoid,True,42,1,0,1,1,0,0,1,1,1,1,1,1,1,0,1,0,0,1,0,1,1,1,1,1,1,1
50.0,auto,sigmoid,True,42,1,0,0,1,1,0,1,1,1,0,1,1,1,0,1,1,1,0,0,1,0,0,1,1,0,1
50.0,auto,sigmoid,True,42,1,1,1,0,1,1,0,0,0,1,1,0,1,1,1,0,1,0,1,1,1,0,0,0,1,1
50.0,auto,sigmoid,True,42,1,1,0,0,1,0,0,0,1,1,1,1,0,0,0,1,1,1,0,1,0,0,1,0,1,1
50.0,auto,sigmoid,True,42,1,0,1,1,0,1,1,0,0,1,1,1,1,1,1,0,1,0,1,1,1,1,1,0,0,1
50.0,auto,sigmoid,True,42,0,1,0,1,1,0,1,1,1,1,0,1,1,1,1,1,1,1,0,0,1,1,1,0,0,0
50.0,auto,sigmoid,True,42,0,0,1,1,1,1,1,1,1,0,1,1,0,1,0,1,0,1,1,1,1,1,1,0,0,0
50.0,auto,sigmoid,True,42,1,0,0,0,1,1,1,1,1,1,1,1,1,1,0,1,0,1,0,1,0,1,1,1,0,0
50.0,auto,sigmoid,True,42,1,1,0,1,1,1,1,1,1,1,1,0,1,1,1,0,0,0,1,0,1,1,0,1,0,1
50.0,auto,sigmoid,True,42,1,1,1,0,1,1,0,1,0,0,1,0,1,1,0,0,1,1,1,0,1,1,0,1,1,1
50.0,auto,sigmoid,True,42,0,1,1,1,1,1,0,0,1,0,1,1,0,0,1,1,0,1,1,1,1,1,0,1,1,0
0.002,auto,rbf,True,42,1,1,1,1,1,1,1,1,1,1,1,1,1,1,1,1,1,1,1,1,1,1,1,1,1,1
0.002,auto,rbf,True,42,1,0,1,1,0,1,1,0,1,0,1,1,1,1,0,0,1,1,1,0,1,1,1,0,0,1
0.002,auto,rbf,True,42,1,0,0,0,1,1,1,1,1,0,1,1,1,1,0,0,1,0,0,0,1,0,1,1,1,1
0.002,auto,rbf,True,42,1,1,0,1,0,0,0,0,1,0,1,0,1,0,1,0,0,1,1,0,1,1,1,0,1,0
0.002,auto,rbf,True,42,1,1,0,0,1,1,1,1,1,1,1,1,1,1,1,1,1,0,1,0,1,0,0,0,0,1
0.002,auto,rbf,True,42,0,1,1,0,0,1,0,1,1,1,1,1,1,0,1,1,1,0,1,1,1,1,1,0,1,0
0.002,auto,rbf,True,42,0,0,1,1,1,1,1,0,1,1,1,0,1,1,1,1,1,1,1,1,1,1,0,0,1,0
0.002,auto,rbf,True,42,0,1,1,1,1,1,0,0,1,1,1,1,1,1,1,1,1,0,0,0,1,0,0,0,0,1
0.002,auto,rbf,True,42,0,1,1,1,1,0,1,1,0,1,1,0,1,1,1,1,1,1,0,0,1,0,1,0,1,1
0.002,auto,rbf,True,42,1,1,0,1,1,1,1,1,0,1,0,0,1,0,1,1,0,1,1,1,0,1,0,1,1,1
0.002,auto,rbf,True,42,1,0,1,1,0,0,1,1,1,1,1,1,1,0,1,0,0,1,0,1,1,1,1,1,1,1
0.002,auto,rbf,True,42,1,0,0,1,1,0,1,1,1,0,1,1,1,0,1,1,1,0,0,1,0,0,1,1,0,1
0.002,auto,rbf,True,42,1,1,1,0,1,1,0,0,0,1,1,0,1,1,1,0,1,0,1,1,1,0,0,0,1,1
0.002,auto,rbf,True,42,1,1,0,0,1,0,0,0,1,1,1,1,0,0,0,1,1,1,0,1,0,0,1,0,1,1
0.002,auto,rbf,True,42,1,0,1,1,0,1,1,0,0,1,1,1,1,1,1,0,1,0,1,1,1,1,1,0,0,1
0.002,auto,rbf,True,42,0,1,0,1,1,0,1,1,1,1,0,1,1,1,1,1,1,1,0,0,1,1,1,0,0,0
0.002,auto,rbf,True,42,0,0,1,1,1,1,1,1,1,0,1,1,0,1,0,1,0,1,1,1,1,1,1,0,0,0
0.002,auto,rbf,True,42,1,0,0,0,1,1,1,1,1,1,1,1,1,1,0,1,0,1,0,1,0,1,1,1,0,0
0.002,auto,rbf,True,42,1,1,0,1,1,1,1,1,1,1,1,0,1,1,1,0,0,0,1,0,1,1,0,1,0,1
0.002,auto,rbf,True,42,1,1,1,0,1,1,0,1,0,0,1,0,1,1,0,0,1,1,1,0,1,1,0,1,1,1
0.002,auto,rbf,True,42,0,1,1,1,1,1,0,0,1,0,1,1,0,0,1,1,0,1,1,1,1,1,0,1,1,0
0.008,scale,sigmoid,True,42,1,1,1,1,1,1,1,1,1,1,1,1,1,1,1,1,1,1,1,1,1,1,1,1,1,1
0.008,scale,sigmoid,True,42,1,0,1,1,0,1,1,0,1,0,1,1,1,1,0,0,1,1,1,0,1,1,1,0,0,1
0.008,scale,sigmoid,True,42,1,0,0,0,1,1,1,1,1,0,1,1,1,1,0,0,1,0,0,0,1,0,1,1,1,1
0.008,scale,sigmoid,True,42,1,1,0,1,0,0,0,0,1,0,1,0,1,0,1,0,0,1,1,0,1,1,1,0,1,0
0.008,scale,sigmoid,True,42,1,1,0,0,1,1,1,1,1,1,1,1,1,1,1,1,1,0,1,0,1,0,0,0,0,1
0.008,scale,sigmoid,True,42,0,1,1,0,0,1,0,1,1,1,1,1,1,0,1,1,1,0,1,1,1,1,1,0,1,0
0.008,scale,sigmoid,True,42,0,0,1,1,1,1,1,0,1,1,1,0,1,1,1,1,1,1,1,1,1,1,0,0,1,0
0.008,scale,sigmoid,True,42,0,1,1,1,1,1,0,0,1,1,1,1,1,1,1,1,1,0,0,0,1,0,0,0,0,1
0.008,scale,sigmoid,True,42,0,1,1,1,1,0,1,1,0,1,1,0,1,1,1,1,1,1,0,0,1,0,1,0,1,1
0.008,scale,sigmoid,True,42,1,1,0,1,1,1,1,1,0,1,0,0,1,0,1,1,0,1,1,1,0,1,0,1,1,1
0.008,scale,sigmoid,True,42,1,0,1,1,0,0,1,1,1,1,1,1,1,0,1,0,0,1,0,1,1,1,1,1,1,1
0.008,scale,sigmoid,True,42,1,0,0,1,1,0,1,1,1,0,1,1,1,0,1,1,1,0,0,1,0,0,1,1,0,1
0.008,scale,sigmoid,True,42,1,1,1,0,1,1,0,0,0,1,1,0,1,1,1,0,1,0,1,1,1,0,0,0,1,1
0.008,scale,sigmoid,True,42,1,1,0,0,1,0,0,0,1,1,1,1,0,0,0,1,1,1,0,1,0,0,1,0,1,1
0.008,scale,sigmoid,True,42,1,0,1,1,0,1,1,0,0,1,1,1,1,1,1,0,1,0,1,1,1,1,1,0,0,1
0.008,scale,sigmoid,True,42,0,1,0,1,1,0,1,1,1,1,0,1,1,1,1,1,1,1,0,0,1,1,1,0,0,0
0.008,scale,sigmoid,True,42,0,0,1,1,1,1,1,1,1,0,1,1,0,1,0,1,0,1,1,1,1,1,1,0,0,0
0.008,scale,sigmoid,True,42,1,0,0,0,1,1,1,1,1,1,1,1,1,1,0,1,0,1,0,1,0,1,1,1,0,0
0.008,scale,sigmoid,True,42,1,1,0,1,1,1,1,1,1,1,1,0,1,1,1,0,0,0,1,0,1,1,0,1,0,1
0.008,scale,sigmoid,True,42,1,1,1,0,1,1,0,1,0,0,1,0,1,1,0,0,1,1,1,0,1,1,0,1,1,1
0.008,scale,sigmoid,True,42,0,1,1,1,1,1,0,0,1,0,1,1,0,0,1,1,0,1,1,1,1,1,0,1,1,0
0.003,auto,sigmoid,True,42,1,1,1,1,1,1,1,1,1,1,1,1,1,1,1,1,1,1,1,1,1,1,1,1,1,1
0.003,auto,sigmoid,True,42,1,0,1,1,0,1,1,0,1,0,1,1,1,1,0,0,1,1,1,0,1,1,1,0,0,1
0.003,auto,sigmoid,True,42,1,0,0,0,1,1,1,1,1,0,1,1,1,1,0,0,1,0,0,0,1,0,1,1,1,1
0.003,auto,sigmoid,True,42,1,1,0,1,0,0,0,0,1,0,1,0,1,0,1,0,0,1,1,0,1,1,1,0,1,0
0.003,auto,sigmoid,True,42,1,1,0,0,1,1,1,1,1,1,1,1,1,1,1,1,1,0,1,0,1,0,0,0,0,1
0.003,auto,sigmoid,True,42,0,1,1,0,0,1,0,1,1,1,1,1,1,0,1,1,1,0,1,1,1,1,1,0,1,0
0.003,auto,sigmoid,True,42,0,0,1,1,1,1,1,0,1,1,1,0,1,1,1,1,1,1,1,1,1,1,0,0,1,0
0.003,auto,sigmoid,True,42,0,1,1,1,1,1,0,0,1,1,1,1,1,1,1,1,1,0,0,0,1,0,0,0,0,1
0.003,auto,sigmoid,True,42,0,1,1,1,1,0,1,1,0,1,1,0,1,1,1,1,1,1,0,0,1,0,1,0,1,1
0.003,auto,sigmoid,True,42,1,1,0,1,1,1,1,1,0,1,0,0,1,0,1,1,0,1,1,1,0,1,0,1,1,1
0.003,auto,sigmoid,True,42,1,0,1,1,0,0,1,1,1,1,1,1,1,0,1,0,0,1,0,1,1,1,1,1,1,1
0.003,auto,sigmoid,True,42,1,0,0,1,1,0,1,1,1,0,1,1,1,0,1,1,1,0,0,1,0,0,1,1,0,1
0.003,auto,sigmoid,True,42,1,1,1,0,1,1,0,0,0,1,1,0,1,1,1,0,1,0,1,1,1,0,0,0,1,1
0.003,auto,sigmoid,True,42,1,1,0,0,1,0,0,0,1,1,1,1,0,0,0,1,1,1,0,1,0,0,1,0,1,1
0.003,auto,sigmoid,True,42,1,0,1,1,0,1,1,0,0,1,1,1,1,1,1,0,1,0,1,1,1,1,1,0,0,1
0.003,auto,sigmoid,True,42,0,1,0,1,1,0,1,1,1,1,0,1,1,1,1,1,1,1,0,0,1,1,1,0,0,0
0.003,auto,sigmoid,True,42,0,0,1,1,1,1,1,1,1,0,1,1,0,1,0,1,0,1,1,1,1,1,1,0,0,0
0.003,auto,sigmoid,True,42,1,0,0,0,1,1,1,1,1,1,1,1,1,1,0,1,0,1,0,1,0,1,1,1,0,0
0.003,auto,sigmoid,True,42,1,1,0,1,1,1,1,1,1,1,1,0,1,1,1,0,0,0,1,0,1,1,0,1,0,1
0.003,auto,sigmoid,True,42,1,1,1,0,1,1,0,1,0,0,1,0,1,1,0,0,1,1,1,0,1,1,0,1,1,1
0.003,auto,sigmoid,True,42,0,1,1,1,1,1,0,0,1,0,1,1,0,0,1,1,0,1,1,1,1,1,0,1,1,0
10.0,auto,poly,True,42,1,1,1,1,1,1,1,1,1,1,1,1,1,1,1,1,1,1,1,1,1,1,1,1,1,1
10.0,auto,poly,True,42,1,0,1,1,0,1,1,0,1,0,1,1,1,1,0,0,1,1,1,0,1,1,1,0,0,1
10.0,auto,poly,True,42,1,0,0,0,1,1,1,1,1,0,1,1,1,1,0,0,1,0,0,0,1,0,1,1,1,1
10.0,auto,poly,True,42,1,1,0,1,0,0,0,0,1,0,1,0,1,0,1,0,0,1,1,0,1,1,1,0,1,0
10.0,auto,poly,True,42,1,1,0,0,1,1,1,1,1,1,1,1,1,1,1,1,1,0,1,0,1,0,0,0,0,1
10.0,auto,poly,True,42,0,1,1,0,0,1,0,1,1,1,1,1,1,0,1,1,1,0,1,1,1,1,1,0,1,0
10.0,auto,poly,True,42,0,0,1,1,1,1,1,0,1,1,1,0,1,1,1,1,1,1,1,1,1,1,0,0,1,0
10.0,auto,poly,True,42,0,1,1,1,1,1,0,0,1,1,1,1,1,1,1,1,1,0,0,0,1,0,0,0,0,1
10.0,auto,poly,True,42,0,1,1,1,1,0,1,1,0,1,1,0,1,1,1,1,1,1,0,0,1,0,1,0,1,1
10.0,auto,poly,True,42,1,1,0,1,1,1,1,1,0,1,0,0,1,0,1,1,0,1,1,1,0,1,0,1,1,1
10.0,auto,poly,True,42,1,0,1,1,0,0,1,1,1,1,1,1,1,0,1,0,0,1,0,1,1,1,1,1,1,1
10.0,auto,poly,True,42,1,0,0,1,1,0,1,1,1,0,1,1,1,0,1,1,1,0,0,1,0,0,1,1,0,1
10.0,auto,poly,True,42,1,1,1,0,1,1,0,0,0,1,1,0,1,1,1,0,1,0,1,1,1,0,0,0,1,1
10.0,auto,poly,True,42,1,1,0,0,1,0,0,0,1,1,1,1,0,0,0,1,1,1,0,1,0,0,1,0,1,1
10.0,auto,poly,True,42,1,0,1,1,0,1,1,0,0,1,1,1,1,1,1,0,1,0,1,1,1,1,1,0,0,1
10.0,auto,poly,True,42,0,1,0,1,1,0,1,1,1,1,0,1,1,1,1,1,1,1,0,0,1,1,1,0,0,0
10.0,auto,poly,True,42,0,0,1,1,1,1,1,1,1,0,1,1,0,1,0,1,0,1,1,1,1,1,1,0,0,0
10.0,auto,poly,True,42,1,0,0,0,1,1,1,1,1,1,1,1,1,1,0,1,0,1,0,1,0,1,1,1,0,0
10.0,auto,poly,True,42,1,1,0,1,1,1,1,1,1,1,1,0,1,1,1,0,0,0,1,0,1,1,0,1,0,1
10.0,auto,poly,True,42,1,1,1,0,1,1,0,1,0,0,1,0,1,1,0,0,1,1,1,0,1,1,0,1,1,1
10.0,auto,poly,True,42,0,1,1,1,1,1,0,0,1,0,1,1,0,0,1,1,0,1,1,1,1,1,0,1,1,0
1.0,scale,linear,True,42,1,1,1,1,1,1,1,1,1,1,1,1,1,1,1,1,1,1,1,1,1,1,1,1,1,1
1.0,scale,linear,True,42,1,0,1,1,0,1,1,0,1,0,1,1,1,1,0,0,1,1,1,0,1,1,1,0,0,1
1.0,scale,linear,True,42,1,0,0,0,1,1,1,1,1,0,1,1,1,1,0,0,1,0,0,0,1,0,1,1,1,1
1.0,scale,linear,True,42,1,1,0,1,0,0,0,0,1,0,1,0,1,0,1,0,0,1,1,0,1,1,1,0,1,0
1.0,scale,linear,True,42,1,1,0,0,1,1,1,1,1,1,1,1,1,1,1,1,1,0,1,0,1,0,0,0,0,1
1.0,scale,linear,True,42,0,1,1,0,0,1,0,1,1,1,1,1,1,0,1,1,1,0,1,1,1,1,1,0,1,0
1.0,scale,linear,True,42,0,0,1,1,1,1,1,0,1,1,1,0,1,1,1,1,1,1,1,1,1,1,0,0,1,0
1.0,scale,linear,True,42,0,1,1,1,1,1,0,0,1,1,1,1,1,1,1,1,1,0,0,0,1,0,0,0,0,1
1.0,scale,linear,True,42,0,1,1,1,1,0,1,1,0,1,1,0,1,1,1,1,1,1,0,0,1,0,1,0,1,1
1.0,scale,linear,True,42,1,1,0,1,1,1,1,1,0,1,0,0,1,0,1,1,0,1,1,1,0,1,0,1,1,1
1.0,scale,linear,True,42,1,0,1,1,0,0,1,1,1,1,1,1,1,0,1,0,0,1,0,1,1,1,1,1,1,1
1.0,scale,linear,True,42,1,0,0,1,1,0,1,1,1,0,1,1,1,0,1,1,1,0,0,1,0,0,1,1,0,1
1.0,scale,linear,True,42,1,1,1,0,1,1,0,0,0,1,1,0,1,1,1,0,1,0,1,1,1,0,0,0,1,1
1.0,scale,linear,True,42,1,1,0,0,1,0,0,0,1,1,1,1,0,0,0,1,1,1,0,1,0,0,1,0,1,1
1.0,scale,linear,True,42,1,0,1,1,0,1,1,0,0,1,1,1,1,1,1,0,1,0,1,1,1,1,1,0,0,1
1.0,scale,linear,True,42,0,1,0,1,1,0,1,1,1,1,0,1,1,1,1,1,1,1,0,0,1,1,1,0,0,0
1.0,scale,linear,True,42,0,0,1,1,1,1,1,1,1,0,1,1,0,1,0,1,0,1,1,1,1,1,1,0,0,0
1.0,scale,linear,True,42,1,0,0,0,1,1,1,1,1,1,1,1,1,1,0,1,0,1,0,1,0,1,1,1,0,0
1.0,scale,linear,True,42,1,1,0,1,1,1,1,1,1,1,1,0,1,1,1,0,0,0,1,0,1,1,0,1,0,1
1.0,scale,linear,True,42,1,1,1,0,1,1,0,1,0,0,1,0,1,1,0,0,1,1,1,0,1,1,0,1,1,1
1.0,scale,linear,True,42,0,1,1,1,1,1,0,0,1,0,1,1,0,0,1,1,0,1,1,1,1,1,0,1,1,0
6.0,scale,linear,True,42,1,1,1,1,1,1,1,1,1,1,1,1,1,1,1,1,1,1,1,1,1,1,1,1,1,1
6.0,scale,linear,True,42,1,0,1,1,0,1,1,0,1,0,1,1,1,1,0,0,1,1,1,0,1,1,1,0,0,1
6.0,scale,linear,True,42,1,0,0,0,1,1,1,1,1,0,1,1,1,1,0,0,1,0,0,0,1,0,1,1,1,1
6.0,scale,linear,True,42,1,1,0,1,0,0,0,0,1,0,1,0,1,0,1,0,0,1,1,0,1,1,1,0,1,0
6.0,scale,linear,True,42,1,1,0,0,1,1,1,1,1,1,1,1,1,1,1,1,1,0,1,0,1,0,0,0,0,1
6.0,scale,linear,True,42,0,1,1,0,0,1,0,1,1,1,1,1,1,0,1,1,1,0,1,1,1,1,1,0,1,0
6.0,scale,linear,True,42,0,0,1,1,1,1,1,0,1,1,1,0,1,1,1,1,1,1,1,1,1,1,0,0,1,0
6.0,scale,linear,True,42,0,1,1,1,1,1,0,0,1,1,1,1,1,1,1,1,1,0,0,0,1,0,0,0,0,1
6.0,scale,linear,True,42,0,1,1,1,1,0,1,1,0,1,1,0,1,1,1,1,1,1,0,0,1,0,1,0,1,1
6.0,scale,linear,True,42,1,1,0,1,1,1,1,1,0,1,0,0,1,0,1,1,0,1,1,1,0,1,0,1,1,1
6.0,scale,linear,True,42,1,0,1,1,0,0,1,1,1,1,1,1,1,0,1,0,0,1,0,1,1,1,1,1,1,1
6.0,scale,linear,True,42,1,0,0,1,1,0,1,1,1,0,1,1,1,0,1,1,1,0,0,1,0,0,1,1,0,1
6.0,scale,linear,True,42,1,1,1,0,1,1,0,0,0,1,1,0,1,1,1,0,1,0,1,1,1,0,0,0,1,1
6.0,scale,linear,True,42,1,1,0,0,1,0,0,0,1,1,1,1,0,0,0,1,1,1,0,1,0,0,1,0,1,1
6.0,scale,linear,True,42,1,0,1,1,0,1,1,0,0,1,1,1,1,1,1,0,1,0,1,1,1,1,1,0,0,1
6.0,scale,linear,True,42,0,1,0,1,1,0,1,1,1,1,0,1,1,1,1,1,1,1,0,0,1,1,1,0,0,0
6.0,scale,linear,True,42,0,0,1,1,1,1,1,1,1,0,1,1,0,1,0,1,0,1,1,1,1,1,1,0,0,0
6.0,scale,linear,True,42,1,0,0,0,1,1,1,1,1,1,1,1,1,1,0,1,0,1,0,1,0,1,1,1,0,0
6.0,scale,linear,True,42,1,1,0,1,1,1,1,1,1,1,1,0,1,1,1,0,0,0,1,0,1,1,0,1,0,1
6.0,scale,linear,True,42,1,1,1,0,1,1,0,1,0,0,1,0,1,1,0,0,1,1,1,0,1,1,0,1,1,1
6.0,scale,linear,True,42,0,1,1,1,1,1,0,0,1,0,1,1,0,0,1,1,0,1,1,1,1,1,0,1,1,0
20.0,auto,rbf,True,42,1,1,1,1,1,1,1,1,1,1,1,1,1,1,1,1,1,1,1,1,1,1,1,1,1,1
20.0,auto,rbf,True,42,1,0,1,1,0,1,1,0,1,0,1,1,1,1,0,0,1,1,1,0,1,1,1,0,0,1
20.0,auto,rbf,True,42,1,0,0,0,1,1,1,1,1,0,1,1,1,1,0,0,1,0,0,0,1,0,1,1,1,1
20.0,auto,rbf,True,42,1,1,0,1,0,0,0,0,1,0,1,0,1,0,1,0,0,1,1,0,1,1,1,0,1,0
20.0,auto,rbf,True,42,1,1,0,0,1,1,1,1,1,1,1,1,1,1,1,1,1,0,1,0,1,0,0,0,0,1
20.0,auto,rbf,True,42,0,1,1,0,0,1,0,1,1,1,1,1,1,0,1,1,1,0,1,1,1,1,1,0,1,0
20.0,auto,rbf,True,42,0,0,1,1,1,1,1,0,1,1,1,0,1,1,1,1,1,1,1,1,1,1,0,0,1,0
20.0,auto,rbf,True,42,0,1,1,1,1,1,0,0,1,1,1,1,1,1,1,1,1,0,0,0,1,0,0,0,0,1
20.0,auto,rbf,True,42,0,1,1,1,1,0,1,1,0,1,1,0,1,1,1,1,1,1,0,0,1,0,1,0,1,1
20.0,auto,rbf,True,42,1,1,0,1,1,1,1,1,0,1,0,0,1,0,1,1,0,1,1,1,0,1,0,1,1,1
20.0,auto,rbf,True,42,1,0,1,1,0,0,1,1,1,1,1,1,1,0,1,0,0,1,0,1,1,1,1,1,1,1
20.0,auto,rbf,True,42,1,0,0,1,1,0,1,1,1,0,1,1,1,0,1,1,1,0,0,1,0,0,1,1,0,1
20.0,auto,rbf,True,42,1,1,1,0,1,1,0,0,0,1,1,0,1,1,1,0,1,0,1,1,1,0,0,0,1,1
20.0,auto,rbf,True,42,1,1,0,0,1,0,0,0,1,1,1,1,0,0,0,1,1,1,0,1,0,0,1,0,1,1
20.0,auto,rbf,True,42,1,0,1,1,0,1,1,0,0,1,1,1,1,1,1,0,1,0,1,1,1,1,1,0,0,1
20.0,auto,rbf,True,42,0,1,0,1,1,0,1,1,1,1,0,1,1,1,1,1,1,1,0,0,1,1,1,0,0,0
20.0,auto,rbf,True,42,0,0,1,1,1,1,1,1,1,0,1,1,0,1,0,1,0,1,1,1,1,1,1,0,0,0
20.0,auto,rbf,True,42,1,0,0,0,1,1,1,1,1,1,1,1,1,1,0,1,0,1,0,1,0,1,1,1,0,0
20.0,auto,rbf,True,42,1,1,0,1,1,1,1,1,1,1,1,0,1,1,1,0,0,0,1,0,1,1,0,1,0,1
20.0,auto,rbf,True,42,1,1,1,0,1,1,0,1,0,0,1,0,1,1,0,0,1,1,1,0,1,1,0,1,1,1
20.0,auto,rbf,True,42,0,1,1,1,1,1,0,0,1,0,1,1,0,0,1,1,0,1,1,1,1,1,0,1,1,0
0.006,auto,rbf,True,42,1,1,1,1,1,1,1,1,1,1,1,1,1,1,1,1,1,1,1,1,1,1,1,1,1,1
0.006,auto,rbf,True,42,1,0,1,1,0,1,1,0,1,0,1,1,1,1,0,0,1,1,1,0,1,1,1,0,0,1
0.006,auto,rbf,True,42,1,0,0,0,1,1,1,1,1,0,1,1,1,1,0,0,1,0,0,0,1,0,1,1,1,1
0.006,auto,rbf,True,42,1,1,0,1,0,0,0,0,1,0,1,0,1,0,1,0,0,1,1,0,1,1,1,0,1,0
0.006,auto,rbf,True,42,1,1,0,0,1,1,1,1,1,1,1,1,1,1,1,1,1,0,1,0,1,0,0,0,0,1
0.006,auto,rbf,True,42,0,1,1,0,0,1,0,1,1,1,1,1,1,0,1,1,1,0,1,1,1,1,1,0,1,0
0.006,auto,rbf,True,42,0,0,1,1,1,1,1,0,1,1,1,0,1,1,1,1,1,1,1,1,1,1,0,0,1,0
0.006,auto,rbf,True,42,0,1,1,1,1,1,0,0,1,1,1,1,1,1,1,1,1,0,0,0,1,0,0,0,0,1
0.006,auto,rbf,True,42,0,1,1,1,1,0,1,1,0,1,1,0,1,1,1,1,1,1,0,0,1,0,1,0,1,1
0.006,auto,rbf,True,42,1,1,0,1,1,1,1,1,0,1,0,0,1,0,1,1,0,1,1,1,0,1,0,1,1,1
0.006,auto,rbf,True,42,1,0,1,1,0,0,1,1,1,1,1,1,1,0,1,0,0,1,0,1,1,1,1,1,1,1
0.006,auto,rbf,True,42,1,0,0,1,1,0,1,1,1,0,1,1,1,0,1,1,1,0,0,1,0,0,1,1,0,1
0.006,auto,rbf,True,42,1,1,1,0,1,1,0,0,0,1,1,0,1,1,1,0,1,0,1,1,1,0,0,0,1,1
0.006,auto,rbf,True,42,1,1,0,0,1,0,0,0,1,1,1,1,0,0,0,1,1,1,0,1,0,0,1,0,1,1
0.006,auto,rbf,True,42,1,0,1,1,0,1,1,0,0,1,1,1,1,1,1,0,1,0,1,1,1,1,1,0,0,1
0.006,auto,rbf,True,42,0,1,0,1,1,0,1,1,1,1,0,1,1,1,1,1,1,1,0,0,1,1,1,0,0,0
0.006,auto,rbf,True,42,0,0,1,1,1,1,1,1,1,0,1,1,0,1,0,1,0,1,1,1,1,1,1,0,0,0
0.006,auto,rbf,True,42,1,0,0,0,1,1,1,1,1,1,1,1,1,1,0,1,0,1,0,1,0,1,1,1,0,0
0.006,auto,rbf,True,42,1,1,0,1,1,1,1,1,1,1,1,0,1,1,1,0,0,0,1,0,1,1,0,1,0,1
0.006,auto,rbf,True,42,1,1,1,0,1,1,0,1,0,0,1,0,1,1,0,0,1,1,1,0,1,1,0,1,1,1
0.006,auto,rbf,True,42,0,1,1,1,1,1,0,0,1,0,1,1,0,0,1,1,0,1,1,1,1,1,0,1,1,0
0.03,auto,poly,True,42,1,1,1,1,1,1,1,1,1,1,1,1,1,1,1,1,1,1,1,1,1,1,1,1,1,1
0.03,auto,poly,True,42,1,0,1,1,0,1,1,0,1,0,1,1,1,1,0,0,1,1,1,0,1,1,1,0,0,1
0.03,auto,poly,True,42,1,0,0,0,1,1,1,1,1,0,1,1,1,1,0,0,1,0,0,0,1,0,1,1,1,1
0.03,auto,poly,True,42,1,1,0,1,0,0,0,0,1,0,1,0,1,0,1,0,0,1,1,0,1,1,1,0,1,0
0.03,auto,poly,True,42,1,1,0,0,1,1,1,1,1,1,1,1,1,1,1,1,1,0,1,0,1,0,0,0,0,1
0.03,auto,poly,True,42,0,1,1,0,0,1,0,1,1,1,1,1,1,0,1,1,1,0,1,1,1,1,1,0,1,0
0.03,auto,poly,True,42,0,0,1,1,1,1,1,0,1,1,1,0,1,1,1,1,1,1,1,1,1,1,0,0,1,0
0.03,auto,poly,True,42,0,1,1,1,1,1,0,0,1,1,1,1,1,1,1,1,1,0,0,0,1,0,0,0,0,1
0.03,auto,poly,True,42,0,1,1,1,1,0,1,1,0,1,1,0,1,1,1,1,1,1,0,0,1,0,1,0,1,1
0.03,auto,poly,True,42,1,1,0,1,1,1,1,1,0,1,0,0,1,0,1,1,0,1,1,1,0,1,0,1,1,1
0.03,auto,poly,True,42,1,0,1,1,0,0,1,1,1,1,1,1,1,0,1,0,0,1,0,1,1,1,1,1,1,1
0.03,auto,poly,True,42,1,0,0,1,1,0,1,1,1,0,1,1,1,0,1,1,1,0,0,1,0,0,1,1,0,1
0.03,auto,poly,True,42,1,1,1,0,1,1,0,0,0,1,1,0,1,1,1,0,1,0,1,1,1,0,0,0,1,1
0.03,auto,poly,True,42,1,1,0,0,1,0,0,0,1,1,1,1,0,0,0,1,1,1,0,1,0,0,1,0,1,1
0.03,auto,poly,True,42,1,0,1,1,0,1,1,0,0,1,1,1,1,1,1,0,1,0,1,1,1,1,1,0,0,1
0.03,auto,poly,True,42,0,1,0,1,1,0,1,1,1,1,0,1,1,1,1,1,1,1,0,0,1,1,1,0,0,0
0.03,auto,poly,True,42,0,0,1,1,1,1,1,1,1,0,1,1,0,1,0,1,0,1,1,1,1,1,1,0,0,0
0.03,auto,poly,True,42,1,0,0,0,1,1,1,1,1,1,1,1,1,1,0,1,0,1,0,1,0,1,1,1,0,0
0.03,auto,poly,True,42,1,1,0,1,1,1,1,1,1,1,1,0,1,1,1,0,0,0,1,0,1,1,0,1,0,1
0.03,auto,poly,True,42,1,1,1,0,1,1,0,1,0,0,1,0,1,1,0,0,1,1,1,0,1,1,0,1,1,1
0.03,auto,poly,True,42,0,1,1,1,1,1,0,0,1,0,1,1,0,0,1,1,0,1,1,1,1,1,0,1,1,0
4.0,scale,poly,True,42,1,1,1,1,1,1,1,1,1,1,1,1,1,1,1,1,1,1,1,1,1,1,1,1,1,1
4.0,scale,poly,True,42,1,0,1,1,0,1,1,0,1,0,1,1,1,1,0,0,1,1,1,0,1,1,1,0,0,1
4.0,scale,poly,True,42,1,0,0,0,1,1,1,1,1,0,1,1,1,1,0,0,1,0,0,0,1,0,1,1,1,1
4.0,scale,poly,True,42,1,1,0,1,0,0,0,0,1,0,1,0,1,0,1,0,0,1,1,0,1,1,1,0,1,0
4.0,scale,poly,True,42,1,1,0,0,1,1,1,1,1,1,1,1,1,1,1,1,1,0,1,0,1,0,0,0,0,1
4.0,scale,poly,True,42,0,1,1,0,0,1,0,1,1,1,1,1,1,0,1,1,1,0,1,1,1,1,1,0,1,0
4.0,scale,poly,True,42,0,0,1,1,1,1,1,0,1,1,1,0,1,1,1,1,1,1,1,1,1,1,0,0,1,0
4.0,scale,poly,True,42,0,1,1,1,1,1,0,0,1,1,1,1,1,1,1,1,1,0,0,0,1,0,0,0,0,1
4.0,scale,poly,True,42,0,1,1,1,1,0,1,1,0,1,1,0,1,1,1,1,1,1,0,0,1,0,1,0,1,1
4.0,scale,poly,True,42,1,1,0,1,1,1,1,1,0,1,0,0,1,0,1,1,0,1,1,1,0,1,0,1,1,1
4.0,scale,poly,True,42,1,0,1,1,0,0,1,1,1,1,1,1,1,0,1,0,0,1,0,1,1,1,1,1,1,1
4.0,scale,poly,True,42,1,0,0,1,1,0,1,1,1,0,1,1,1,0,1,1,1,0,0,1,0,0,1,1,0,1
4.0,scale,poly,True,42,1,1,1,0,1,1,0,0,0,1,1,0,1,1,1,0,1,0,1,1,1,0,0,0,1,1
4.0,scale,poly,True,42,1,1,0,0,1,0,0,0,1,1,1,1,0,0,0,1,1,1,0,1,0,0,1,0,1,1
4.0,scale,poly,True,42,1,0,1,1,0,1,1,0,0,1,1,1,1,1,1,0,1,0,1,1,1,1,1,0,0,1
4.0,scale,poly,True,42,0,1,0,1,1,0,1,1,1,1,0,1,1,1,1,1,1,1,0,0,1,1,1,0,0,0
4.0,scale,poly,True,42,0,0,1,1,1,1,1,1,1,0,1,1,0,1,0,1,0,1,1,1,1,1,1,0,0,0
4.0,scale,poly,True,42,1,0,0,0,1,1,1,1,1,1,1,1,1,1,0,1,0,1,0,1,0,1,1,1,0,0
4.0,scale,poly,True,42,1,1,0,1,1,1,1,1,1,1,1,0,1,1,1,0,0,0,1,0,1,1,0,1,0,1
4.0,scale,poly,True,42,1,1,1,0,1,1,0,1,0,0,1,0,1,1,0,0,1,1,1,0,1,1,0,1,1,1
4.0,scale,poly,True,42,0,1,1,1,1,1,0,0,1,0,1,1,0,0,1,1,0,1,1,1,1,1,0,1,1,0
50.0,scale,poly,True,42,1,1,1,1,1,1,1,1,1,1,1,1,1,1,1,1,1,1,1,1,1,1,1,1,1,1
50.0,scale,poly,True,42,1,0,1,1,0,1,1,0,1,0,1,1,1,1,0,0,1,1,1,0,1,1,1,0,0,1
50.0,scale,poly,True,42,1,0,0,0,1,1,1,1,1,0,1,1,1,1,0,0,1,0,0,0,1,0,1,1,1,1
50.0,scale,poly,True,42,1,1,0,1,0,0,0,0,1,0,1,0,1,0,1,0,0,1,1,0,1,1,1,0,1,0
50.0,scale,poly,True,42,1,1,0,0,1,1,1,1,1,1,1,1,1,1,1,1,1,0,1,0,1,0,0,0,0,1
50.0,scale,poly,True,42,0,1,1,0,0,1,0,1,1,1,1,1,1,0,1,1,1,0,1,1,1,1,1,0,1,0
50.0,scale,poly,True,42,0,0,1,1,1,1,1,0,1,1,1,0,1,1,1,1,1,1,1,1,1,1,0,0,1,0
50.0,scale,poly,True,42,0,1,1,1,1,1,0,0,1,1,1,1,1,1,1,1,1,0,0,0,1,0,0,0,0,1
50.0,scale,poly,True,42,0,1,1,1,1,0,1,1,0,1,1,0,1,1,1,1,1,1,0,0,1,0,1,0,1,1
50.0,scale,poly,True,42,1,1,0,1,1,1,1,1,0,1,0,0,1,0,1,1,0,1,1,1,0,1,0,1,1,1
50.0,scale,poly,True,42,1,0,1,1,0,0,1,1,1,1,1,1,1,0,1,0,0,1,0,1,1,1,1,1,1,1
50.0,scale,poly,True,42,1,0,0,1,1,0,1,1,1,0,1,1,1,0,1,1,1,0,0,1,0,0,1,1,0,1
50.0,scale,poly,True,42,1,1,1,0,1,1,0,0,0,1,1,0,1,1,1,0,1,0,1,1,1,0,0,0,1,1
50.0,scale,poly,True,42,1,1,0,0,1,0,0,0,1,1,1,1,0,0,0,1,1,1,0,1,0,0,1,0,1,1
50.0,scale,poly,True,42,1,0,1,1,0,1,1,0,0,1,1,1,1,1,1,0,1,0,1,1,1,1,1,0,0,1
50.0,scale,poly,True,42,0,1,0,1,1,0,1,1,1,1,0,1,1,1,1,1,1,1,0,0,1,1,1,0,0,0
50.0,scale,poly,True,42,0,0,1,1,1,1,1,1,1,0,1,1,0,1,0,1,0,1,1,1,1,1,1,0,0,0
50.0,scale,poly,True,42,1,0,0,0,1,1,1,1,1,1,1,1,1,1,0,1,0,1,0,1,0,1,1,1,0,0
50.0,scale,poly,True,42,1,1,0,1,1,1,1,1,1,1,1,0,1,1,1,0,0,0,1,0,1,1,0,1,0,1
50.0,scale,poly,True,42,1,1,1,0,1,1,0,1,0,0,1,0,1,1,0,0,1,1,1,0,1,1,0,1,1,1
50.0,scale,poly,True,42,0,1,1,1,1,1,0,0,1,0,1,1,0,0,1,1,0,1,1,1,1,1,0,1,1,0
2.0,auto,rbf,True,42,1,1,1,1,1,1,1,1,1,1,1,1,1,1,1,1,1,1,1,1,1,1,1,1,1,1
2.0,auto,rbf,True,42,1,0,1,1,0,1,1,0,1,0,1,1,1,1,0,0,1,1,1,0,1,1,1,0,0,1
2.0,auto,rbf,True,42,1,0,0,0,1,1,1,1,1,0,1,1,1,1,0,0,1,0,0,0,1,0,1,1,1,1
2.0,auto,rbf,True,42,1,1,0,1,0,0,0,0,1,0,1,0,1,0,1,0,0,1,1,0,1,1,1,0,1,0
2.0,auto,rbf,True,42,1,1,0,0,1,1,1,1,1,1,1,1,1,1,1,1,1,0,1,0,1,0,0,0,0,1
2.0,auto,rbf,True,42,0,1,1,0,0,1,0,1,1,1,1,1,1,0,1,1,1,0,1,1,1,1,1,0,1,0
2.0,auto,rbf,True,42,0,0,1,1,1,1,1,0,1,1,1,0,1,1,1,1,1,1,1,1,1,1,0,0,1,0
2.0,auto,rbf,True,42,0,1,1,1,1,1,0,0,1,1,1,1,1,1,1,1,1,0,0,0,1,0,0,0,0,1
2.0,auto,rbf,True,42,0,1,1,1,1,0,1,1,0,1,1,0,1,1,1,1,1,1,0,0,1,0,1,0,1,1
2.0,auto,rbf,True,42,1,1,0,1,1,1,1,1,0,1,0,0,1,0,1,1,0,1,1,1,0,1,0,1,1,1
2.0,auto,rbf,True,42,1,0,1,1,0,0,1,1,1,1,1,1,1,0,1,0,0,1,0,1,1,1,1,1,1,1
2.0,auto,rbf,True,42,1,0,0,1,1,0,1,1,1,0,1,1,1,0,1,1,1,0,0,1,0,0,1,1,0,1
2.0,auto,rbf,True,42,1,1,1,0,1,1,0,0,0,1,1,0,1,1,1,0,1,0,1,1,1,0,0,0,1,1
2.0,auto,rbf,True,42,1,1,0,0,1,0,0,0,1,1,1,1,0,0,0,1,1,1,0,1,0,0,1,0,1,1
2.0,auto,rbf,True,42,1,0,1,1,0,1,1,0,0,1,1,1,1,1,1,0,1,0,1,1,1,1,1,0,0,1
2.0,auto,rbf,True,42,0,1,0,1,1,0,1,1,1,1,0,1,1,1,1,1,1,1,0,0,1,1,1,0,0,0
2.0,auto,rbf,True,42,0,0,1,1,1,1,1,1,1,0,1,1,0,1,0,1,0,1,1,1,1,1,1,0,0,0
2.0,auto,rbf,True,42,1,0,0,0,1,1,1,1,1,1,1,1,1,1,0,1,0,1,0,1,0,1,1,1,0,0
2.0,auto,rbf,True,42,1,1,0,1,1,1,1,1,1,1,1,0,1,1,1,0,0,0,1,0,1,1,0,1,0,1
2.0,auto,rbf,True,42,1,1,1,0,1,1,0,1,0,0,1,0,1,1,0,0,1,1,1,0,1,1,0,1,1,1
2.0,auto,rbf,True,42,0,1,1,1,1,1,0,0,1,0,1,1,0,0,1,1,0,1,1,1,1,1,0,1,1,0
0.002,auto,sigmoid,True,42,1,1,1,1,1,1,1,1,1,1,1,1,1,1,1,1,1,1,1,1,1,1,1,1,1,1
0.002,auto,sigmoid,True,42,1,0,1,1,0,1,1,0,1,0,1,1,1,1,0,0,1,1,1,0,1,1,1,0,0,1
0.002,auto,sigmoid,True,42,1,0,0,0,1,1,1,1,1,0,1,1,1,1,0,0,1,0,0,0,1,0,1,1,1,1
0.002,auto,sigmoid,True,42,1,1,0,1,0,0,0,0,1,0,1,0,1,0,1,0,0,1,1,0,1,1,1,0,1,0
0.002,auto,sigmoid,True,42,1,1,0,0,1,1,1,1,1,1,1,1,1,1,1,1,1,0,1,0,1,0,0,0,0,1
0.002,auto,sigmoid,True,42,0,1,1,0,0,1,0,1,1,1,1,1,1,0,1,1,1,0,1,1,1,1,1,0,1,0
0.002,auto,sigmoid,True,42,0,0,1,1,1,1,1,0,1,1,1,0,1,1,1,1,1,1,1,1,1,1,0,0,1,0
0.002,auto,sigmoid,True,42,0,1,1,1,1,1,0,0,1,1,1,1,1,1,1,1,1,0,0,0,1,0,0,0,0,1
0.002,auto,sigmoid,True,42,0,1,1,1,1,0,1,1,0,1,1,0,1,1,1,1,1,1,0,0,1,0,1,0,1,1
0.002,auto,sigmoid,True,42,1,1,0,1,1,1,1,1,0,1,0,0,1,0,1,1,0,1,1,1,0,1,0,1,1,1
0.002,auto,sigmoid,True,42,1,0,1,1,0,0,1,1,1,1,1,1,1,0,1,0,0,1,0,1,1,1,1,1,1,1
0.002,auto,sigmoid,True,42,1,0,0,1,1,0,1,1,1,0,1,1,1,0,1,1,1,0,0,1,0,0,1,1,0,1
0.002,auto,sigmoid,True,42,1,1,1,0,1,1,0,0,0,1,1,0,1,1,1,0,1,0,1,1,1,0,0,0,1,1
0.002,auto,sigmoid,True,42,1,1,0,0,1,0,0,0,1,1,1,1,0,0,0,1,1,1,0,1,0,0,1,0,1,1
0.002,auto,sigmoid,True,42,1,0,1,1,0,1,1,0,0,1,1,1,1,1,1,0,1,0,1,1,1,1,1,0,0,1
0.002,auto,sigmoid,True,42,0,1,0,1,1,0,1,1,1,1,0,1,1,1,1,1,1,1,0,0,1,1,1,0,0,0
0.002,auto,sigmoid,True,42,0,0,1,1,1,1,1,1,1,0,1,1,0,1,0,1,0,1,1,1,1,1,1,0,0,0
0.002,auto,sigmoid,True,42,1,0,0,0,1,1,1,1,1,1,1,1,1,1,0,1,0,1,0,1,0,1,1,1,0,0
0.002,auto,sigmoid,True,42,1,1,0,1,1,1,1,1,1,1,1,0,1,1,1,0,0,0,1,0,1,1,0,1,0,1
0.002,auto,sigmoid,True,42,1,1,1,0,1,1,0,1,0,0,1,0,1,1,0,0,1,1,1,0,1,1,0,1,1,1
0.002,auto,sigmoid,True,42,0,1,1,1,1,1,0,0,1,0,1,1,0,0,1,1,0,1,1,1,1,1,0,1,1,0
0.004,scale,poly,True,42,1,1,1,1,1,1,1,1,1,1,1,1,1,1,1,1,1,1,1,1,1,1,1,1,1,1
0.004,scale,poly,True,42,1,0,1,1,0,1,1,0,1,0,1,1,1,1,0,0,1,1,1,0,1,1,1,0,0,1
0.004,scale,poly,True,42,1,0,0,0,1,1,1,1,1,0,1,1,1,1,0,0,1,0,0,0,1,0,1,1,1,1
0.004,scale,poly,True,42,1,1,0,1,0,0,0,0,1,0,1,0,1,0,1,0,0,1,1,0,1,1,1,0,1,0
0.004,scale,poly,True,42,1,1,0,0,1,1,1,1,1,1,1,1,1,1,1,1,1,0,1,0,1,0,0,0,0,1
0.004,scale,poly,True,42,0,1,1,0,0,1,0,1,1,1,1,1,1,0,1,1,1,0,1,1,1,1,1,0,1,0
0.004,scale,poly,True,42,0,0,1,1,1,1,1,0,1,1,1,0,1,1,1,1,1,1,1,1,1,1,0,0,1,0
0.004,scale,poly,True,42,0,1,1,1,1,1,0,0,1,1,1,1,1,1,1,1,1,0,0,0,1,0,0,0,0,1
0.004,scale,poly,True,42,0,1,1,1,1,0,1,1,0,1,1,0,1,1,1,1,1,1,0,0,1,0,1,0,1,1
0.004,scale,poly,True,42,1,1,0,1,1,1,1,1,0,1,0,0,1,0,1,1,0,1,1,1,0,1,0,1,1,1
0.004,scale,poly,True,42,1,0,1,1,0,0,1,1,1,1,1,1,1,0,1,0,0,1,0,1,1,1,1,1,1,1
0.004,scale,poly,True,42,1,0,0,1,1,0,1,1,1,0,1,1,1,0,1,1,1,0,0,1,0,0,1,1,0,1
0.004,scale,poly,True,42,1,1,1,0,1,1,0,0,0,1,1,0,1,1,1,0,1,0,1,1,1,0,0,0,1,1
0.004,scale,poly,True,42,1,1,0,0,1,0,0,0,1,1,1,1,0,0,0,1,1,1,0,1,0,0,1,0,1,1
0.004,scale,poly,True,42,1,0,1,1,0,1,1,0,0,1,1,1,1,1,1,0,1,0,1,1,1,1,1,0,0,1
0.004,scale,poly,True,42,0,1,0,1,1,0,1,1,1,1,0,1,1,1,1,1,1,1,0,0,1,1,1,0,0,0
0.004,scale,poly,True,42,0,0,1,1,1,1,1,1,1,0,1,1,0,1,0,1,0,1,1,1,1,1,1,0,0,0
0.004,scale,poly,True,42,1,0,0,0,1,1,1,1,1,1,1,1,1,1,0,1,0,1,0,1,0,1,1,1,0,0
0.004,scale,poly,True,42,1,1,0,1,1,1,1,1,1,1,1,0,1,1,1,0,0,0,1,0,1,1,0,1,0,1
0.004,scale,poly,True,42,1,1,1,0,1,1,0,1,0,0,1,0,1,1,0,0,1,1,1,0,1,1,0,1,1,1
0.004,scale,poly,True,42,0,1,1,1,1,1,0,0,1,0,1,1,0,0,1,1,0,1,1,1,1,1,0,1,1,0
40.0,scale,linear,True,42,1,1,1,1,1,1,1,1,1,1,1,1,1,1,1,1,1,1,1,1,1,1,1,1,1,1
40.0,scale,linear,True,42,1,0,1,1,0,1,1,0,1,0,1,1,1,1,0,0,1,1,1,0,1,1,1,0,0,1
40.0,scale,linear,True,42,1,0,0,0,1,1,1,1,1,0,1,1,1,1,0,0,1,0,0,0,1,0,1,1,1,1
40.0,scale,linear,True,42,1,1,0,1,0,0,0,0,1,0,1,0,1,0,1,0,0,1,1,0,1,1,1,0,1,0
40.0,scale,linear,True,42,1,1,0,0,1,1,1,1,1,1,1,1,1,1,1,1,1,0,1,0,1,0,0,0,0,1
40.0,scale,linear,True,42,0,1,1,0,0,1,0,1,1,1,1,1,1,0,1,1,1,0,1,1,1,1,1,0,1,0
40.0,scale,linear,True,42,0,0,1,1,1,1,1,0,1,1,1,0,1,1,1,1,1,1,1,1,1,1,0,0,1,0
40.0,scale,linear,True,42,0,1,1,1,1,1,0,0,1,1,1,1,1,1,1,1,1,0,0,0,1,0,0,0,0,1
40.0,scale,linear,True,42,0,1,1,1,1,0,1,1,0,1,1,0,1,1,1,1,1,1,0,0,1,0,1,0,1,1
40.0,scale,linear,True,42,1,1,0,1,1,1,1,1,0,1,0,0,1,0,1,1,0,1,1,1,0,1,0,1,1,1
40.0,scale,linear,True,42,1,0,1,1,0,0,1,1,1,1,1,1,1,0,1,0,0,1,0,1,1,1,1,1,1,1
40.0,scale,linear,True,42,1,0,0,1,1,0,1,1,1,0,1,1,1,0,1,1,1,0,0,1,0,0,1,1,0,1
40.0,scale,linear,True,42,1,1,1,0,1,1,0,0,0,1,1,0,1,1,1,0,1,0,1,1,1,0,0,0,1,1
40.0,scale,linear,True,42,1,1,0,0,1,0,0,0,1,1,1,1,0,0,0,1,1,1,0,1,0,0,1,0,1,1
40.0,scale,linear,True,42,1,0,1,1,0,1,1,0,0,1,1,1,1,1,1,0,1,0,1,1,1,1,1,0,0,1
40.0,scale,linear,True,42,0,1,0,1,1,0,1,1,1,1,0,1,1,1,1,1,1,1,0,0,1,1,1,0,0,0
40.0,scale,linear,True,42,0,0,1,1,1,1,1,1,1,0,1,1,0,1,0,1,0,1,1,1,1,1,1,0,0,0
40.0,scale,linear,True,42,1,0,0,0,1,1,1,1,1,1,1,1,1,1,0,1,0,1,0,1,0,1,1,1,0,0
40.0,scale,linear,True,42,1,1,0,1,1,1,1,1,1,1,1,0,1,1,1,0,0,0,1,0,1,1,0,1,0,1
40.0,scale,linear,True,42,1,1,1,0,1,1,0,1,0,0,1,0,1,1,0,0,1,1,1,0,1,1,0,1,1,1
40.0,scale,linear,True,42,0,1,1,1,1,1,0,0,1,0,1,1,0,0,1,1,0,1,1,1,1,1,0,1,1,0
60.0,scale,linear,True,42,1,1,1,1,1,1,1,1,1,1,1,1,1,1,1,1,1,1,1,1,1,1,1,1,1,1
60.0,scale,linear,True,42,1,0,1,1,0,1,1,0,1,0,1,1,1,1,0,0,1,1,1,0,1,1,1,0,0,1
60.0,scale,linear,True,42,1,0,0,0,1,1,1,1,1,0,1,1,1,1,0,0,1,0,0,0,1,0,1,1,1,1
60.0,scale,linear,True,42,1,1,0,1,0,0,0,0,1,0,1,0,1,0,1,0,0,1,1,0,1,1,1,0,1,0
60.0,scale,linear,True,42,1,1,0,0,1,1,1,1,1,1,1,1,1,1,1,1,1,0,1,0,1,0,0,0,0,1
60.0,scale,linear,True,42,0,1,1,0,0,1,0,1,1,1,1,1,1,0,1,1,1,0,1,1,1,1,1,0,1,0
60.0,scale,linear,True,42,0,0,1,1,1,1,1,0,1,1,1,0,1,1,1,1,1,1,1,1,1,1,0,0,1,0
60.0,scale,linear,True,42,0,1,1,1,1,1,0,0,1,1,1,1,1,1,1,1,1,0,0,0,1,0,0,0,0,1
60.0,scale,linear,True,42,0,1,1,1,1,0,1,1,0,1,1,0,1,1,1,1,1,1,0,0,1,0,1,0,1,1
60.0,scale,linear,True,42,1,1,0,1,1,1,1,1,0,1,0,0,1,0,1,1,0,1,1,1,0,1,0,1,1,1
60.0,scale,linear,True,42,1,0,1,1,0,0,1,1,1,1,1,1,1,0,1,0,0,1,0,1,1,1,1,1,1,1
60.0,scale,linear,True,42,1,0,0,1,1,0,1,1,1,0,1,1,1,0,1,1,1,0,0,1,0,0,1,1,0,1
60.0,scale,linear,True,42,1,1,1,0,1,1,0,0,0,1,1,0,1,1,1,0,1,0,1,1,1,0,0,0,1,1
60.0,scale,linear,True,42,1,1,0,0,1,0,0,0,1,1,1,1,0,0,0,1,1,1,0,1,0,0,1,0,1,1
60.0,scale,linear,True,42,1,0,1,1,0,1,1,0,0,1,1,1,1,1,1,0,1,0,1,1,1,1,1,0,0,1
60.0,scale,linear,True,42,0,1,0,1,1,0,1,1,1,1,0,1,1,1,1,1,1,1,0,0,1,1,1,0,0,0
60.0,scale,linear,True,42,0,0,1,1,1,1,1,1,1,0,1,1,0,1,0,1,0,1,1,1,1,1,1,0,0,0
60.0,scale,linear,True,42,1,0,0,0,1,1,1,1,1,1,1,1,1,1,0,1,0,1,0,1,0,1,1,1,0,0
60.0,scale,linear,True,42,1,1,0,1,1,1,1,1,1,1,1,0,1,1,1,0,0,0,1,0,1,1,0,1,0,1
60.0,scale,linear,True,42,1,1,1,0,1,1,0,1,0,0,1,0,1,1,0,0,1,1,1,0,1,1,0,1,1,1
60.0,scale,linear,True,42,0,1,1,1,1,1,0,0,1,0,1,1,0,0,1,1,0,1,1,1,1,1,0,1,1,0
